Authors,Author full names,Author(s) ID,Title,Year,Cited by,DOI,Link,stage1_status,stage1_matched_kws,stage2_status,stage2_matched_kws,final_status
Versluis M.; Stride E.; Lajoinie G.; Dollet B.; Segers T.,"Versluis, Michel (6602884472); Stride, Eleanor (8782679600); Lajoinie, Guillaume (55826402700); Dollet, Benjamin (24597748500); Segers, Tim (49864375900)",6602884472; 8782679600; 55826402700; 24597748500; 49864375900,Ultrasound Contrast Agent Modeling: A Review,2020,207,10.1016/j.ultrasmedbio.2020.04.014,https://www.scopus.com/pages/publications/85086513343?origin=resultslist,passed_stage1,"amplitude, hz, wave, attenuation, acoustic, frequency",passed_stage2,amplitude,relevant
Bu X.; Alheshibri M.,"Bu, Xiangning (56660320000); Alheshibri, Muidh (55681240300)",56660320000; 55681240300,The effect of ultrasound on bulk and surface nanobubbles: A review of the current status,2021,108,10.1016/j.ultsonch.2021.105629,https://www.scopus.com/pages/publications/85108114238?origin=resultslist,passed_stage1,"acoustic, frequency",passed_stage2,"acoustic, hz, frequency",relevant
Morton J.A.; Khavari M.; Qin L.; Maciejewska B.M.; Tyurnina A.V.; Grobert N.; Eskin D.G.; Mi J.; Porfyrakis K.; Prentice P.; Tzanakis I.,"Morton, Justin A. (57218393476); Khavari, Mohammad (36930478000); Qin, Ling (57219626297); Maciejewska, Barbara M. (55991083000); Tyurnina, Anastasia V. (14822419500); Grobert, Nicole (7004112956); Eskin, Dmitry G. (7006766568); Mi, Jiawei (8601267100); Porfyrakis, Kyriakos (57300113300); Prentice, Paul (6701436774); Tzanakis, Iakovos (35238947900)",57218393476; 36930478000; 57219626297; 55991083000; 14822419500; 7004112956; 7006766568; 8601267100; 57300113300; 6701436774; 35238947900,New insights into sono-exfoliation mechanisms of graphite: In situ high-speed imaging studies and acoustic measurements,2021,69,10.1016/j.mattod.2021.05.005,https://www.scopus.com/pages/publications/85108542892?origin=resultslist,passed_stage1,"acoustic, wave",passed_stage2,wave,relevant
Xu J.; Wang D.; Lei Y.; Cheng L.; Zhuang W.; Tian Y.,"Xu, Jingxin (59887630300); Wang, Danni (57221688015); Lei, Yanping (57221689575); Cheng, Lujie (57469097700); Zhuang, Weijing (55906917900); Tian, Yuting (36159873800)",59887630300; 57221688015; 57221689575; 57469097700; 55906917900; 36159873800,Effects of combined ultrasonic and microwave vacuum drying on drying characteristics and physicochemical properties of Tremella fuciformis,2022,73,10.1016/j.ultsonch.2022.105963,https://www.scopus.com/pages/publications/85125386479?origin=resultslist,passed_stage1,acoustic,passed_stage2,"wave, frequency",relevant
Kozmus G.; Zevnik J.; Hočevar M.; Dular M.; Petkovšek M.,"Kozmus, Gregor (57216755493); Zevnik, Jure (57213437272); Hočevar, Marko (7003576210); Dular, Matevž (6602097972); Petkovšek, Martin (55558954000)",57216755493; 57213437272; 7003576210; 6602097972; 55558954000,Characterization of cavitation under ultrasonic horn tip – Proposition of an acoustic cavitation parameter,2022,58,10.1016/j.ultsonch.2022.106159,https://www.scopus.com/pages/publications/85137644892?origin=resultslist,passed_stage1,"acoustic, wavelength, amplitude, frequency",passed_stage2,"hz, frequency",relevant
Alston J.; Croxford A.; Potter J.; Blanloeuil P.,"Alston, Jonathan (57194720080); Croxford, Anthony (8957890800); Potter, Jack (35330917800); Blanloeuil, Philippe (55939907100)",57194720080; 8957890800; 35330917800; 55939907100,Nonlinear non-collinear ultrasonic detection and characterisation of kissing bonds,2018,52,10.1016/j.ndteint.2018.07.003,https://www.scopus.com/pages/publications/85050106157?origin=resultslist,passed_stage1,"wave, amplitude, frequency",passed_stage2,"wave, amplitude, frequency",relevant
Asakura Y.; Yasuda K.,"Asakura, Yoshiyuki (7103285701); Yasuda, Keiji (7403377802)",7103285701; 7403377802,Frequency and power dependence of ultrasonic degassing,2022,50,10.1016/j.ultsonch.2021.105890,https://www.scopus.com/pages/publications/85121584013?origin=resultslist,passed_stage1,frequency,passed_stage2,frequency,relevant
Dehghani M.H.; Karri R.R.; Koduru J.R.; Manickam S.; Tyagi I.; Mubarak N.M.; Suhas,"Dehghani, Mohammad Hadi (57192214256); Karri, Rama Rao (38061883200); Koduru, Janardhan Reddy (57211606435); Manickam, Sivakumar (45661701600); Tyagi, Inderjeet (55955630400); Mubarak, Nabisab Mujawar (36634677600); Suhas (7409596327)",57192214256; 38061883200; 57211606435; 45661701600; 55955630400; 36634677600; 7409596327,Recent trends in the applications of sonochemical reactors as an advanced oxidation process for the remediation of microbial hazards associated with water and wastewater: A critical review,2023,64,10.1016/j.ultsonch.2023.106302,https://www.scopus.com/pages/publications/85147193528?origin=resultslist,passed_stage1,frequency,passed_stage2,hz,relevant
Hu Y.; Wei J.; Shen Y.; Chen S.; Chen X.,"Hu, Yaxin (56163128100); Wei, Jianpeng (57460140600); Shen, Yuanyuan (57198550853); Chen, Siping (13606526600); Chen, Xin (56816037600)",56163128100; 57460140600; 57198550853; 13606526600; 56816037600,Barrier-breaking effects of ultrasonic cavitation for drug delivery and biomarker release,2023,52,10.1016/j.ultsonch.2023.106346,https://www.scopus.com/pages/publications/85149333955?origin=resultslist,passed_stage1,acoustic,passed_stage2,acoustic,relevant
Kiziroglou M.E.; Boyle D.E.; Wright S.W.; Yeatman E.M.,"Kiziroglou, M.E. (9734966200); Boyle, D.E. (16549149200); Wright, S.W. (57212430166); Yeatman, E.M. (7004040410)",9734966200; 16549149200; 57212430166; 7004040410,Acoustic power delivery to pipeline monitoring wireless sensors,2017,45,10.1016/j.ultras.2017.01.017,https://www.scopus.com/pages/publications/85011716044?origin=resultslist,passed_stage1,"attenuation, acoustic, amplitude, frequency",passed_stage2,amplitude,relevant
Kubelick K.P.; Emelianov S.Y.,"Kubelick, Kelsey P. (57021818800); Emelianov, Stanislav Y. (7004274142)",57021818800; 7004274142,Prussian blue nanocubes as a multimodal contrast agent for image-guided stem cell therapy of the spinal cord,2020,39,10.1016/j.pacs.2020.100166,https://www.scopus.com/pages/publications/85081665521?origin=resultslist,passed_stage1,"spectrum, wavelength",passed_stage2,wavelength,relevant
Aliabouzar M.; Kripfgans O.D.; Wang W.Y.; Baker B.M.; Brian Fowlkes J.; Fabiilli M.L.,"Aliabouzar, Mitra (57191091428); Kripfgans, Oliver D. (6602397298); Wang, William Y. (57196099488); Baker, Brendon M. (59111687000); Brian Fowlkes, J. (57204048197); Fabiilli, Mario L. (6505672385)",57191091428; 6602397298; 57196099488; 59111687000; 57204048197; 6505672385,Stable and transient bubble formation in acoustically-responsive scaffolds by acoustic droplet vaporization: theory and application in sequential release,2021,40,10.1016/j.ultsonch.2020.105430,https://www.scopus.com/pages/publications/85098723781?origin=resultslist,passed_stage1,"acoustic, frequency",passed_stage2,frequency,relevant
Anandan S.; Keerthiga M.; Vijaya S.; Asiri A.M.; Bogush V.; Krasulyaa O.,"Anandan, S. (7004483736); Keerthiga, M. (57194570947); Vijaya, S. (59411512100); Asiri, A.M. (6701506021); Bogush, V. (6603681079); Krasulyaa, O. (57194577994)",7004483736; 57194570947; 59411512100; 6701506021; 6603681079; 57194577994,Physicochemical characterization of black seed oil-milk emulsions through ultrasonication,2017,31,10.1016/j.ultsonch.2016.11.005,https://www.scopus.com/pages/publications/85020926688?origin=resultslist,passed_stage1,amplitude,passed_stage2,"wavelength, amplitude",relevant
Yusefi H.; Helfield B.,"Yusefi, Hossein (58289651100); Helfield, Brandon (55043173900)",58289651100; 55043173900,The influence of inter-bubble spacing on the resonance response of ultrasound contrast agent microbubbles,2022,34,10.1016/j.ultsonch.2022.106191,https://www.scopus.com/pages/publications/85140774424?origin=resultslist,passed_stage1,"amplitude, frequency",passed_stage2,frequency,relevant
Fontana F.; Iberite F.; Cafarelli A.; Aliperta A.; Baldi G.; Gabusi E.; Dolzani P.; Cristino S.; Lisignoli G.; Pratellesi T.; Dumont E.; Ricotti L.,"Fontana, F. (57213605221); Iberite, F. (57211682301); Cafarelli, A. (56554072100); Aliperta, A. (57210813150); Baldi, G. (57224957324); Gabusi, E. (6603321854); Dolzani, P. (6602602878); Cristino, S. (6603091666); Lisignoli, G. (7004198815); Pratellesi, T. (57213608893); Dumont, E. (35824607700); Ricotti, L. (35199930300)",57213605221; 57211682301; 56554072100; 57210813150; 57224957324; 6603321854; 6602602878; 6603091666; 7004198815; 57213608893; 35824607700; 35199930300,Development and validation of low-intensity pulsed ultrasound systems for highly controlled in vitro cell stimulation,2021,35,10.1016/j.ultras.2021.106495,https://www.scopus.com/pages/publications/85108721616?origin=resultslist,passed_stage1,frequency,passed_stage2,acoustic,relevant
Aliabouzar M.; Jivani A.; Lu X.; Kripfgans O.D.; Fowlkes J.B.; Fabiilli M.L.,"Aliabouzar, Mitra (57191091428); Jivani, Aniket (57216178407); Lu, Xiaofang (56590843700); Kripfgans, Oliver D. (6602397298); Fowlkes, J. Brian (57204048197); Fabiilli, Mario L. (6505672385)",57191091428; 57216178407; 56590843700; 6602397298; 57204048197; 6505672385,Standing wave-assisted acoustic droplet vaporization for single and dual payload release in acoustically-responsive scaffolds,2020,26,10.1016/j.ultsonch.2020.105109,https://www.scopus.com/pages/publications/85082759176?origin=resultslist,passed_stage1,"acoustic, wave, spectrum, frequency",passed_stage2,wave,relevant
Su Y.; Jiang L.; Chen D.; Yu H.; Yang F.; Guo Y.; Xie Y.; Yao W.,"Su, Ying (57223355183); Jiang, Lin (57432940500); Chen, Danying (57433805700); Yu, Hang (57189471078); Yang, Fangwei (57220861956); Guo, Yahui (55683029200); Xie, Yunfei (35747409600); Yao, Weirong (59157649300)",57223355183; 57432940500; 57433805700; 57189471078; 57220861956; 55683029200; 35747409600; 59157649300,In vitro and in silico approaches to investigate antimicrobial and biofilm removal efficacies of combined ultrasonic and mild thermal treatment against Pseudomonas fluorescens,2022,27,10.1016/j.ultsonch.2022.105930,https://www.scopus.com/pages/publications/85123791506?origin=resultslist,passed_stage1,acoustic,passed_stage2,acoustic,relevant
Pupeikis J.; Hu W.; Willenberg B.; Mehendale M.; Antonelli G.A.; Phillips C.R.; Keller U.,"Pupeikis, J. (57194434024); Hu, W. (59414268800); Willenberg, B. (57193086515); Mehendale, M. (57190374004); Antonelli, G.A. (7102105375); Phillips, C.R. (36185693000); Keller, U. (57197637799)",57194434024; 59414268800; 57193086515; 57190374004; 7102105375; 36185693000; 57197637799,Efficient pump-probe sampling with a single-cavity dual-comb laser: Application in ultrafast photoacoustics,2023,23,10.1016/j.pacs.2022.100439,https://www.scopus.com/pages/publications/85144078273?origin=resultslist,passed_stage1,"spectrum, wave, hz, frequency",passed_stage2,"spectrum, hz, frequency",relevant
Zong Z.; Gilbert E.; Wong C.C.Y.; Usadi L.; Qin Y.; Huang Y.; Raymond J.; Hankins N.; Kwan J.,"Zong, Zhiyuan (58044294100); Gilbert, Emma (58679031900); Wong, Cherie C.Y. (58177665300); Usadi, Lillian (58558981800); Qin, Yi (58679674500); Huang, Yihao (58679804800); Raymond, Jason (7402362832); Hankins, Nick (55994615900); Kwan, James (25422423900)",58044294100; 58679031900; 58177665300; 58558981800; 58679674500; 58679804800; 7402362832; 55994615900; 25422423900,Efficient sonochemical catalytic degradation of tetracycline using TiO2 fractured nanoshells,2023,24,10.1016/j.ultsonch.2023.106669,https://www.scopus.com/pages/publications/85175624439?origin=resultslist,passed_stage1,acoustic,passed_stage2,acoustic,relevant
Xu N.; Yu Y.; Zhai W.; Wang J.; Wei B.,"Xu, Nanxuan (57917012000); Yu, Yang (57190189326); Zhai, Wei (16240194900); Wang, Jianyuan (15833428400); Wei, Bingbo (36908130500)",57917012000; 57190189326; 16240194900; 15833428400; 36908130500,A high-temperature acoustic field measurement and analysis system for determining cavitation intensity in ultrasonically solidified metallic alloys,2023,26,10.1016/j.ultsonch.2023.106343,https://www.scopus.com/pages/publications/85148956084?origin=resultslist,passed_stage1,"acoustic, spectrum, frequency",passed_stage2,spectrum,relevant
Zhang L.; Hu Y.; Wang X.; Zhang A.; Abiola Fakayode O.; Ma H.; Zhou C.,"Zhang, Lei (56449643000); Hu, Yang (57220587339); Wang, Xue (57443048200); Zhang, Ao (57739577500); Abiola Fakayode, Olugbenga (57215000728); Ma, Haile (9335378300); Zhou, Cunshan (12807315500)",56449643000; 57220587339; 57443048200; 57739577500; 57215000728; 9335378300; 12807315500,"Hybrid techniques of pre and assisted processing modify structural, physicochemical and functional characteristics of okra pectin: Controlled-temperature ultrasonic-assisted extraction from preparative dry powders and its field monitoring",2022,24,10.1016/j.ultsonch.2022.106080,https://www.scopus.com/pages/publications/85132855798?origin=resultslist,passed_stage1,"acoustic, spectrum, spectrogram",passed_stage2,frequency,relevant
Zhang L.; Hu Y.; Wang X.; Abiola Fakayode O.; Ma H.; Zhou C.; Xia A.; Li Q.,"Zhang, Lei (56449643000); Hu, Yang (57220587339); Wang, Xue (57443048200); Abiola Fakayode, Olugbenga (57215000728); Ma, Haile (9335378300); Zhou, Cunshan (12807315500); Xia, Aiming (57297568400); Li, Qun (57298178100)",56449643000; 57220587339; 57443048200; 57215000728; 9335378300; 12807315500; 57297568400; 57298178100,Improving soaking efficiency of soybeans through sweeping frequency ultrasound assisted by parameters optimization,2021,27,10.1016/j.ultsonch.2021.105794,https://www.scopus.com/pages/publications/85117168066?origin=resultslist,passed_stage1,"acoustic, spectrum, amplitude",passed_stage2,"wavelength, amplitude",relevant
Filonets T.; Solovchuk M.,"Filonets, Tatiana (57225988152); Solovchuk, Maxim (10043502900)",57225988152; 10043502900,GPU-accelerated study of the inertial cavitation threshold in viscoelastic soft tissue using a dual-frequency driving signal,2022,23,10.1016/j.ultsonch.2022.106056,https://www.scopus.com/pages/publications/85133288839?origin=resultslist,passed_stage1,"acoustic, frequency",passed_stage2,amplitude,relevant
Mistewicz K.; Jesionek M.; Kim H.J.; Hajra S.; Kozioł M.; Chrobok Ł.; Wang X.,"Mistewicz, Krystian (55279786200); Jesionek, Marcin (26025720500); Kim, Hoe Joon (55502950800); Hajra, Sugato (57202436777); Kozioł, Mateusz (54883226700); Chrobok, Łukasz (57498280000); Wang, Xudong (56013462800)",55279786200; 26025720500; 55502950800; 57202436777; 54883226700; 57498280000; 56013462800,Nanogenerator for determination of acoustic power in ultrasonic reactors,2021,27,10.1016/j.ultsonch.2021.105718,https://www.scopus.com/pages/publications/85113186187?origin=resultslist,passed_stage1,"acoustic, hz, spectrum, frequency",passed_stage2,acoustic,relevant
Shi L.; Jiang Y.; Zhang Y.; Lan L.; Huang Y.; Cheng J.-X.; Yang C.,"Shi, Linli (57219394747); Jiang, Ying (57202147020); Zhang, Yi (57194106070); Lan, Lu (57193811324); Huang, Yimin (57201183420); Cheng, Ji-Xin (26643455400); Yang, Chen (7407027585)",57219394747; 57202147020; 57194106070; 57193811324; 57201183420; 26643455400; 7407027585,A fiber optoacoustic emitter with controlled ultrasound frequency for cell membrane sonoporation at submillimeter spatial resolution,2020,27,10.1016/j.pacs.2020.100208,https://www.scopus.com/pages/publications/85092459522?origin=resultslist,passed_stage1,"spectrum, acoustic, amplitude, frequency",passed_stage2,"hz, amplitude, frequency",relevant
Mondal J.; Wu Y.; Mishra A.; Akbaridoust F.; Marusic I.; Ghosh P.; Ashokkumar M.,"Mondal, Joydip (57214014458); Wu, Yue (56457032500); Mishra, Arpit (57155681100); Akbaridoust, Farzan (55542267900); Marusic, Ivan (6603687789); Ghosh, Parthasarathi (55427766800); Ashokkumar, Muthupandian (7003407958)",57214014458; 56457032500; 57155681100; 55542267900; 6603687789; 55427766800; 7003407958,Bubble oscillations at low frequency ultrasound for biological applications,2024,21,10.1016/j.ultsonch.2024.106816,https://www.scopus.com/pages/publications/85186554743?origin=resultslist,passed_stage1,"acoustic, wave, amplitude, frequency",passed_stage2,"acoustic, amplitude",relevant
Wang Y.; Chen D.; Wu P.,"Wang, Yu (58395308100); Chen, Dehua (55764155200); Wu, Pengfei (57188559287)",58395308100; 55764155200; 57188559287,Multi-bubble scattering acoustic fields in viscoelastic tissues under dual-frequency ultrasound,2023,19,10.1016/j.ultsonch.2023.106585,https://www.scopus.com/pages/publications/85171625334?origin=resultslist,passed_stage1,acoustic,passed_stage2,"hz, amplitude, frequency",relevant
Wang X.; Chen W.; Zhou M.; Zhang Z.; Zhang L.,"Wang, Xun (57194558604); Chen, Weizhong (36119794900); Zhou, Min (57720507500); Zhang, Zekun (57458196300); Zhang, Lingling (57208586685)",57194558604; 36119794900; 57720507500; 57458196300; 57208586685,Dynamics of double bubbles under the driving of burst ultrasound,2022,22,10.1016/j.ultsonch.2022.105952,https://www.scopus.com/pages/publications/85124871702?origin=resultslist,passed_stage1,"acoustic, wave",passed_stage2,acoustic,relevant
Aliabouzar M.; Kripfgans O.D.; Estrada J.B.; Brian Fowlkes J.; Fabiilli M.L.,"Aliabouzar, Mitra (57191091428); Kripfgans, Oliver D. (6602397298); Estrada, Jonathan B. (56950093300); Brian Fowlkes, J. (57204048197); Fabiilli, Mario L. (6505672385)",57191091428; 6602397298; 56950093300; 57204048197; 6505672385,Multi-time scale characterization of acoustic droplet vaporization and payload release of phase-shift emulsions using high-speed microscopy,2022,20,10.1016/j.ultsonch.2022.106090,https://www.scopus.com/pages/publications/85133908314?origin=resultslist,passed_stage1,"acoustic, frequency",passed_stage2,frequency,relevant
Kim M.; Han J.H.; Ahn J.; Kim E.; Bang C.H.; Kim C.; Lee J.H.; Choi W.,"Kim, Minseong (59148685800); Han, Ju Hee (57203488911); Ahn, Junho (59148166900); Kim, Esther (58895143600); Bang, Chul Hwan (44860975000); Kim, Chulhong (57202234822); Lee, Ji Hyun (57190277285); Choi, Wonseok (55732416700)",59148685800; 57203488911; 59148166900; 58895143600; 44860975000; 57202234822; 57190277285; 55732416700,In vivo 3D photoacoustic and ultrasound analysis of hypopigmented skin lesions: A pilot study,2025,17,10.1016/j.pacs.2025.100705,https://www.scopus.com/pages/publications/86000500795?origin=resultslist,passed_stage1,amplitude,passed_stage2,amplitude,relevant
Fan C.-H.; Huang E.; Lo W.-C.; Yeh C.-K.,"Fan, Ching-Hsiang (36116628300); Huang, Elaine (59562438200); Lo, Wei-Chen (57188643354); Yeh, Chih-Kuang (7401671758)",36116628300; 59562438200; 57188643354; 7401671758,Ultrasound-cavitation-enhanced drug delivery via microbubble clustering induced by acoustic vortex tweezers,2025,16,10.1016/j.ultsonch.2025.107273,https://www.scopus.com/pages/publications/85218089996?origin=resultslist,passed_stage1,"acoustic, frequency",passed_stage2,acoustic,relevant
Biasiori-Poulanges L.; Lukić B.; Supponen O.,"Biasiori-Poulanges, Luc (57212027965); Lukić, Bratislav (57023726200); Supponen, Outi (56557124400)",57212027965; 57023726200; 56557124400,Cavitation cloud formation and surface damage of a model stone in a high-intensity focused ultrasound field,2024,18,10.1016/j.ultsonch.2023.106738,https://www.scopus.com/pages/publications/85181101152?origin=resultslist,passed_stage1,"acoustic, wave, amplitude, frequency",passed_stage2,frequency,relevant
Abeid B.A.; Fabiilli M.L.; Estrada J.B.; Aliabouzar M.,"Abeid, Bachir A. (57200001595); Fabiilli, Mario L. (6505672385); Estrada, Jonathan B. (56950093300); Aliabouzar, Mitra (57191091428)",57200001595; 6505672385; 56950093300; 57191091428,"Ultra-high-speed dynamics of acoustic droplet vaporization in soft biomaterials: Effects of viscoelasticity, frequency, and bulk boiling point",2024,16,10.1016/j.ultsonch.2024.106754,https://www.scopus.com/pages/publications/85184994131?origin=resultslist,passed_stage1,acoustic,passed_stage2,acoustic,relevant
Cardozo de Oliveira E.R.; Xiang C.; Esmann M.; Lopez Abdala N.; Fuertes M.C.; Bruchhausen A.; Pastoriza H.; Perrin B.; Soler-Illia G.J.A.A.; Lanzillotti-Kimura N.D.,"Cardozo de Oliveira, E.R. (56943488400); Xiang, C. (58033117600); Esmann, M. (26654045200); Lopez Abdala, N. (57214718640); Fuertes, M.C. (13407207100); Bruchhausen, A. (6507248031); Pastoriza, H. (8294190900); Perrin, B. (57211220818); Soler-Illia, G.J.A.A. (57211558847); Lanzillotti-Kimura, N.D. (8324451300)",56943488400; 58033117600; 26654045200; 57214718640; 13407207100; 6507248031; 8294190900; 57211220818; 57211558847; 8324451300,Probing gigahertz coherent acoustic phonons in TiO2 mesoporous thin films,2023,17,10.1016/j.pacs.2023.100472,https://www.scopus.com/pages/publications/85150051389?origin=resultslist,passed_stage1,"spectrum, acoustic, amplitude, frequency",passed_stage2,"amplitude, frequency",relevant
Chen W.-S.; Chen Z.-Y.; Chang J.Y.; Chen C.-Y.; Zeng Y.-P.,"Chen, Wen-Shing (7409642779); Chen, Zi-Yin (57443220400); Chang, J.Y. (57443408900); Chen, Chao-Yuh (57444180500); Zeng, Yun-Pei (57443024800)",7409642779; 57443220400; 57443408900; 57444180500; 57443024800,"Ultrasound-assisted desalination of crude oil: The influence of mixing extent, crude oil species, chemical demulsifier and operation variables",2022,17,10.1016/j.ultsonch.2022.105947,https://www.scopus.com/pages/publications/85124248804?origin=resultslist,passed_stage1,acoustic,passed_stage2,acoustic,relevant
Zawada T.; Bove T.,"Zawada, Tomasz (6603169616); Bove, Torsten (7003369210)",6603169616; 7003369210,Strongly Focused HIFU Transducers With Simultaneous Optical Observation for Treatment of Skin at 20 MHz,2022,15,10.1016/j.ultrasmedbio.2022.03.002,https://www.scopus.com/pages/publications/85127880642?origin=resultslist,passed_stage1,acoustic,passed_stage2,acoustic,relevant
Yamakawa R.; Onoe H.; Kurashina Y.,"Yamakawa, Ryuto (59426409700); Onoe, Hiroaki (7004964617); Kurashina, Yuta (55979592600)",59426409700; 7004964617; 55979592600,Hydrogel carrier with bubble vibration enhancer for ultrasound-triggered drug release,2025,13,10.1016/j.ultsonch.2024.107173,https://www.scopus.com/pages/publications/85210314876?origin=resultslist,passed_stage1,"acoustic, frequency",passed_stage2,frequency,relevant
Wang Y.; Zhang Z.; Li Y.; Jiang H.; Kumah Mintah B.; Dabbour M.; He R.; Ma H.,"Wang, Yang (57193712722); Zhang, Zhaoli (57201679344); Li, Yihe (57207953451); Jiang, Hui (58405429600); Kumah Mintah, Benjamin (57214083068); Dabbour, Mokhtar (57202015352); He, Ronghai (8976387000); Ma, Haile (9335378300)",57193712722; 57201679344; 57207953451; 58405429600; 57214083068; 57202015352; 8976387000; 9335378300,Lysinoalanine formation and conformational characteristics of rice dreg protein isolates by multi-frequency countercurrent S-type sonochemical action,2020,14,10.1016/j.ultsonch.2020.105257,https://www.scopus.com/pages/publications/85088022473?origin=resultslist,passed_stage1,"spectrum, frequency",passed_stage2,frequency,relevant
Dong F.; An J.; Guo W.; Dang J.; Huang S.; Feng F.; Zhang J.; Wang D.; Yin J.; Fang J.; Cheng H.; Zhang J.,"Dong, Feihong (57201820437); An, Jian (57213148571); Guo, Wenyu (57220924579); Dang, Jie (57201652133); Huang, Shuo (57213153554); Feng, Feng (59438831700); Zhang, Jiabin (57206850015); Wang, Di (57200855590); Yin, Jingyi (57213154695); Fang, Jing (57206956352); Cheng, Heping (57316200300); Zhang, Jue (7601340874)",57201820437; 57213148571; 57220924579; 57201652133; 57213153554; 59438831700; 57206850015; 57200855590; 57213154695; 57206956352; 57316200300; 7601340874,Programmable ultrasound imaging guided theranostic nanodroplet destruction for precision therapy of breast cancer,2024,13,10.1016/j.ultsonch.2024.106854,https://www.scopus.com/pages/publications/85189014534?origin=resultslist,passed_stage1,"acoustic, wavelength, wave",passed_stage2,"acoustic, wavelength",relevant
Osika M.; Kijanka P.,"Osika, Mariusz (57222069230); Kijanka, Piotr (55602747100)",57222069230; 55602747100,Ultrasound Shear Wave Propagation Modeling in General Tissue–Like Viscoelastic Materials,2024,15,10.1016/j.ultrasmedbio.2024.01.008,https://www.scopus.com/pages/publications/85184172179?origin=resultslist,passed_stage1,wave,passed_stage2,"hz, amplitude, frequency",relevant
Lin W.; Xiao J.; Wen J.; Wang S.,"Lin, Weixiang (57233115500); Xiao, Juan (57193763653); Wen, Jian (7402701864); Wang, Simin (16231850000)",57233115500; 57193763653; 7402701864; 16231850000,Identification approach of acoustic cavitation via frequency spectrum of sound pressure wave signals in numerical simulation,2022,15,10.1016/j.ultsonch.2022.106182,https://www.scopus.com/pages/publications/85139323133?origin=resultslist,passed_stage1,"spectrum, amplitude, frequency",passed_stage2,amplitude,relevant
Seya P.M.; Desjouy C.; Béra J.-C.; Inserra C.,"Seya, Pauline Muleki (59211880500); Desjouy, Cyril (35145672400); Béra, Jean-Christophe (35613597200); Inserra, Claude (35221597500)",59211880500; 35145672400; 35613597200; 35221597500,Hysteresis of inertial cavitation activity induced by fluctuating bubble size distribution,2015,14,10.1016/j.ultsonch.2015.05.036,https://www.scopus.com/pages/publications/84934958493?origin=resultslist,passed_stage1,"acoustic, spectrum",passed_stage2,acoustic,relevant
Kirchner T.; Villringer C.; Laufer J.,"Kirchner, Thomas (60199218400); Villringer, Claus (56768233500); Laufer, Jan (7005864579)",60199218400; 56768233500; 7005864579,Evaluation of ultrasound sensors for transcranial photoacoustic sensing and imaging,2023,12,10.1016/j.pacs.2023.100556,https://www.scopus.com/pages/publications/85172023615?origin=resultslist,passed_stage1,"acoustic, wave, amplitude, frequency",passed_stage2,amplitude,relevant
Haghi H.; Kolios M.C.,"Haghi, Hossein (57188641908); Kolios, Michael C. (7004146000)",57188641908; 7004146000,Numerical investigation of the effect of bubble properties on the linear resonance frequency shift due to inter-bubble interactions in ultrasonically excited lipid coated microbubbles,2024,11,10.1016/j.ultsonch.2024.106831,https://www.scopus.com/pages/publications/85186600646?origin=resultslist,passed_stage1,"wave, amplitude, frequency",passed_stage2,frequency,relevant
Bielas R.; Jameel B.; Józefczak A.,"Bielas, Rafał (57208500779); Jameel, Bassam (57223033163); Józefczak, Arkadiusz (6602612206)",57208500779; 57223033163; 6602612206,Monitoring of Pickering emulsion stability during magnetic heating using ultrasound measurements,2021,12,10.1016/j.measurement.2021.109431,https://www.scopus.com/pages/publications/85104594069?origin=resultslist,passed_stage1,attenuation,passed_stage2,attenuation,relevant
Beckwith C.; Djambazov G.; Pericleous K.; Tonry C.,"Beckwith, Christopher (57195643973); Djambazov, Georgi (6507627800); Pericleous, Koulis (7005495330); Tonry, Catherine (54931084200)",57195643973; 6507627800; 7005495330; 54931084200,Comparison of frequency domain and time domain methods for the numerical simulation of contactless ultrasonic cavitation,2022,12,10.1016/j.ultsonch.2022.106138,https://www.scopus.com/pages/publications/85136654270?origin=resultslist,passed_stage1,"spectrum, amplitude, hz, acoustic, frequency",passed_stage2,"acoustic, hz, amplitude, frequency",relevant
Tan C.; Yan B.; Han T.; Yu A.C.H.; Qin P.,"Tan, Chunjie (57213151166); Yan, Bo (57220926774); Han, Tao (35274865200); Yu, Alfred C.H. (8699317700); Qin, Peng (14009156700)",57213151166; 57220926774; 35274865200; 8699317700; 14009156700,Improving temporal stability of stable cavitation activity of circulating microbubbles using a closed-loop controller based on pulse-length regulation,2022,12,10.1016/j.ultsonch.2021.105882,https://www.scopus.com/pages/publications/85121832660?origin=resultslist,passed_stage1,"spectrum, amplitude, hz, acoustic, frequency",passed_stage2,"acoustic, frequency",relevant
Lu H.; Xu G.; Wang Y.; Yang H.; Li D.; Huang L.; Su M.; Li C.; Qiu W.; Mao Y.; Yu W.; Li F.,"Lu, Huimin (57249685000); Xu, Gang (57199046834); Wang, Yun (57209029173); Yang, Huayu (34874123000); Li, Deyu (24492077700); Huang, Laixin (57808950600); Su, Min (57188643376); Li, Changcan (56911383800); Qiu, Weibao (53364145100); Mao, Yilei (7401999601); Yu, Wenkui (7403914036); Li, Fei (56288731200)",57249685000; 57199046834; 57209029173; 34874123000; 24492077700; 57808950600; 57188643376; 56911383800; 53364145100; 7401999601; 7403914036; 56288731200,Correlation Between Portal Vein Pressure and Subharmonic Scattering Signals From SonoVue Microbubbles in Canines,2023,12,10.1016/j.ultrasmedbio.2022.08.014,https://www.scopus.com/pages/publications/85140735831?origin=resultslist,passed_stage1,acoustic,passed_stage2,"spectrum, frequency",relevant
